Strongs,root,shown now (Hebrew-sense lexicon value),Strong/KJV says (Aramaic),Daniel occ,Ezra occ
H4,𐤀𐤁,father,fruit.,6,
H311,𐤀𐤇𐤓,other,(here-) after.,6,
H409,𐤀𐤋,toward,not.,8,
H412,𐤀𐤋,toward,these.,,2
H560,𐤀𐤌𐤓,said,"command, declare, say, speak, tell.",130,10
H563,𐤀𐤌𐤓,said,lamb.,,6
H638,𐤀𐤐,nostril / picture: bull snorting,also.,2,6
H785,𐤀𐤔,fire,flame.,2,
H787,𐤀𐤔,fire,foundation.,,6
H852,𐤀𐤕,entirety,sign.,6,
H1240,𐤁𐤒𐤓,morning,"inquire, make search.",,10
H1291,𐤁𐤓𐤊,blessed,knee.,2,
H1836,𐤃𐤍,Dan,"(afore-) time, [phrase] after this manner, here (-after), one...another, such, there(-fore), these, this (matter), [phrase] thus, where(-fore), which.",66,48
H1932,𐤄𐤅𐤀,which/who/that is,"[idiom] are, it, this.",40,4
H1934,𐤄𐤅𐤀,which/who/that is,"be, become, [phrase] behold, [phrase] came (to pass), [phrase] cease, [phrase] cleave, [phrase] consider, [phrase] do, [phrase] give, [phrase] have, [phrase] judge, [phrase] keep, [phrase] labour, [phrase] mingle (self), [phrase] put, [phrase] see, [phrase] seek, [phrase] set, [phrase] slay, [phrase] take heed, tremble, [phrase] walk, [phrase] would.",110,32
H1981,𐤄𐤋𐤊,move,walk.,6,
H1983,𐤄𐤋𐤊,move,custom.,,6
H2006,𐤄𐤍,behold,"(that) if, or, whether.",22,14
H2604,𐤇𐤍𐤍,showing favor,"shew mercy, make supplication.",4,
H3319,𐤉𐤑𐤀,go out / come out,finish.,,2
H3652,𐤊𐤍,for sure,thus.,12,4
H3900,𐤋𐤇𐤌,bread,feast.,2,
H4040,𐤌𐤂𐤋𐤄,scroll / book,roll.,,2
H4431,𐤌𐤋𐤊,king,counsel.,2,
H4479,𐤌𐤍,from,"what, who(-msoever, [phrase] -so).",14,6
H4606,𐤌𐤏𐤋,top/above,going down.,2,
H4907,𐤌𐤔𐤊𐤍,Tabernacle / Dwelling Place,habitation.,,2
H5047,𐤍𐤂𐤃,counterpart,issue.,2,
H5049,𐤍𐤂𐤃,counterpart,toward.,2,
H5174,𐤍𐤇𐤔,serpent,brass.,18,
H5376,𐤍𐤔𐤀,lift,"carry away, make insurrection, take.",2,4
H5463,𐤎𐤂𐤓,seal / close,shut up.,2,
H5648,𐤏𐤁𐤃,servant,"[idiom] cut, do, execute, go on, make, move, work.",24,30
H5732,𐤏𐤃𐤍,Idan / Eden,time.,26,
H5776,𐤏𐤅𐤐,flying,fowl.,4,
H5894,𐤏𐤉𐤓,City,watcher.,6,
H5922,𐤏𐤋,over,"about, against, concerning, for, (there-) fore, from, in, [idiom] more, of, (there-, up-) on, (in-) to, [phrase] why with.",138,66
H5943,𐤏𐤋𐤉,went up,(most) high.,20,
H5974,𐤏𐤌,nation / people,"by, from, like, to(-ward), with.",36,8
H6033,𐤏𐤍𐤄,answer / respond,poor.,2,
H6151,𐤏𐤓𐤁,evening,"mingle (self), mix.",8,
H6634,𐤑𐤁𐤀,troop,"will, would.",20,
H6655,𐤑𐤃,side,"against, concerning.",4,
H6755,𐤑𐤋𐤌,likeness,"form, image.",34,
H6925,𐤒𐤃𐤌,east,"before, [idiom] from, [idiom] I (thought), [idiom] me, [phrase] of, [idiom] it pleased, presence.",76,8
H6928,𐤒𐤃𐤌𐤄,east,"afore(-time), ago.",2,2
H7066,𐤒𐤍𐤀,jealous,buy.,,2
H7314,𐤓𐤅𐤌,will lift up,height.,8,2
H7761,𐤔𐤅𐤌,place / establish / appoint,"[phrase] command, give, lay, make, [phrase] name, [phrase] regard, set.",20,32
H7920,𐤔𐤊𐤋,wise / prudent,consider.,2,
H7932,𐤔𐤊𐤍,place,"cause to dwell, have habitation.",2,2
H8000,𐤔𐤋𐤌,whole / complete,"deliver, finish.",2,4
H8001,𐤔𐤋𐤌,whole / complete,peace.,4,4
H8133,𐤔𐤍𐤀,hate,"alter, change, (be) diverse.",38,4
H8139,𐤔𐤍𐤄,year,sleep.,2,
H8200,𐤔𐤐𐤈,judge / judgement,magistrate.,,2
